시장/마트 번호,시장/마트 이름,품목 이름,가격(원),년도-월,점검일자,시장유형 구분(시장/마트) 코드,시장유형 구분(시장/마트) 이름,자치구 이름
1,통인시장,사과(부사 300g),2000,18-May,2018-05-31,1,전통시장,종로구
1,통인시장,배(신고 600g),3000,18-May,2018-05-31,1,전통시장,종로구
1,통인시장,배추(중간),3500,18-May,2018-05-31,1,전통시장,종로구
1,통인시장,무(세척무 중),2500,18-May,2018-05-31,1,전통시장,종로구
1,통인시장,양파(1.5kg망),4000,18-May,2018-05-31,1,전통시장,종로구
1,통인시장,상추(100g),630,18-May,2018-05-31,1,전통시장,종로구
1,통인시장,오이(다다기),500,18-May,2018-05-31,1,전통시장,종로구
1,통인시장,호박,1000,18-May,2018-05-31,1,전통시장,종로구
1,통인시장,쇠고기(한우불고기),22000,18-May,2018-05-31,1,전통시장,종로구
1,통인시장,돼지고기(생삼겹살),13000,18-May,2018-05-31,1,전통시장,종로구
1,통인시장,닭고기(육계),5000,18-May,2018-05-31,1,전통시장,종로구
1,통인시장,달걀(10개),1500,18-May,2018-05-31,1,전통시장,종로구
1,통인시장,달걀(30개),4000,18-May,2018-05-31,1,전통시장,종로구
1,통인시장,조기(냉동수입산),6000,18-May,2018-05-31,1,전통시장,종로구
1,통인시장,명태(생물수입산),7000,18-May,2018-05-31,1,전통시장,종로구
1,통인시장,오징어(생물국산),5000,18-May,2018-05-31,1,전통시장,종로구
1,통인시장,고등어(생물국산),5000,18-May,2018-05-31,1,전통시장,종로구
10,용문시장,사과(부사 300g),2000,18-May,2018-05-31,1,전통시장,용산구
10,용문시장,배(신고 600g),3500,18-May,2018-05-31,1,전통시장,용산구
10,용문시장,배추(중간),2500,18-May,2018-05-31,1,전통시장,용산구
10,용문시장,무(1kg),2300,18-May,2018-05-31,1,전통시장,용산구
10,용문시장,양파(작은망),2800,18-May,2018-05-31,1,전통시장,용산구
10,용문시장,상추,1500,18-May,2018-05-31,1,전통시장,용산구
10,용문시장,오이(다다기),700,18-May,2018-05-31,1,전통시장,용산구
10,용문시장,애호박,1500,18-May,2018-05-31,1,전통시장,용산구
10,용문시장,쇠고기(한우불고기),28000,18-May,2018-05-31,1,전통시장,용산구
10,용문시장,돼지고기(삼겹살),11800,18-May,2018-05-31,1,전통시장,용산구
10,용문시장,닭고기(육계),5000,18-May,2018-05-31,1,전통시장,용산구
10,용문시장,달걀(10개),2900,18-May,2018-05-31,1,전통시장,용산구
10,용문시장,달걀(30개),6300,18-May,2018-05-31,1,전통시장,용산구
10,용문시장,조기(국산냉동),1000,18-May,2018-05-31,1,전통시장,용산구
10,용문시장,명태(러시아냉동),2500,18-May,2018-05-31,1,전통시장,용산구
10,용문시장,오징어(생물국산),3000,18-May,2018-05-31,1,전통시장,용산구
10,용문시장,고등어(생물국산),3000,18-May,2018-05-31,1,전통시장,용산구
11,남대문시장,사과(부사 300g),1900,18-May,2018-05-31,1,전통시장,중구
11,남대문시장,배(중품),2100,18-May,2018-05-31,1,전통시장,중구
11,남대문시장,배추(중간),3000,18-May,2018-05-31,1,전통시장,중구
11,남대문시장,무(세척무),3000,18-May,2018-05-31,1,전통시장,중구
11,남대문시장,양파(1.5kg망),2600,18-May,2018-05-31,1,전통시장,중구
11,남대문시장,상추(100g),750,18-May,2018-05-31,1,전통시장,중구
11,남대문시장,오이(다다기),630,18-May,2018-05-31,1,전통시장,중구
11,남대문시장,호박(인큐베이터)중간,1600,18-May,2018-05-31,1,전통시장,중구
11,남대문시장,쇠고기(한우불고기),30000,18-May,2018-05-31,1,전통시장,중구
11,남대문시장,돼지고기(생삼겹살),11500,18-May,2018-05-31,1,전통시장,중구
11,남대문시장,닭고기(육계),5000,18-May,2018-05-31,1,전통시장,중구
11,남대문시장,달걀(10개),2300,18-May,2018-05-31,1,전통시장,중구
11,남대문시장,달걀(30개),4700,18-May,2018-05-31,1,전통시장,중구
11,남대문시장,조기(냉동수입산),3300,18-May,2018-05-31,1,전통시장,중구
11,남대문시장,명태(러시아냉동),3000,18-May,2018-05-31,1,전통시장,중구
11,남대문시장,오징어,5000,18-May,2018-05-31,1,전통시장,중구
11,남대문시장,고등어,3000,18-May,2018-05-31,1,전통시장,중구
13,돈암제일시장,사과(부사 300g),2500,18-May,2018-05-31,1,전통시장,성북구
13,돈암제일시장,배(신고 600g),3000,18-May,2018-05-31,1,전통시장,성북구
13,돈암제일시장,배추(2.5~3kg),2500,18-May,2018-05-31,1,전통시장,성북구
13,돈암제일시장,무,2500,18-May,2018-05-31,1,전통시장,성북구
13,돈암제일시장,양파(1.5kg망),2500,18-May,2018-05-31,1,전통시장,성북구
13,돈암제일시장,상추(100g),500,18-May,2018-05-31,1,전통시장,성북구
13,돈암제일시장,오이(다다기),400,18-May,2018-05-31,1,전통시장,성북구
13,돈암제일시장,애호박,2000,18-May,2018-05-31,1,전통시장,성북구
13,돈암제일시장,쇠고기(한우1등급),25000,18-May,2018-05-31,1,전통시장,성북구
13,돈암제일시장,돼지고기(삼겹살),14000,18-May,2018-05-31,1,전통시장,성북구
13,돈암제일시장,닭고기(육계),6000,18-May,2018-05-31,1,전통시장,성북구
13,돈암제일시장,달걀(10개),3000,18-May,2018-05-31,1,전통시장,성북구
13,돈암제일시장,달걀(30개),4000,18-May,2018-05-31,1,전통시장,성북구
13,돈암제일시장,조기(국산생물),3333,18-May,2018-05-31,1,전통시장,성북구
13,돈암제일시장,명태(러시아냉동),4000,18-May,2018-05-31,1,전통시장,성북구
13,돈암제일시장,오징어(생물국산),4000,18-May,2018-05-31,1,전통시장,성북구
13,돈암제일시장,고등어(생물국산),5000,18-May,2018-05-31,1,전통시장,성북구
14,장위골목시장,사과(부사 300g),2490,18-May,2018-05-31,1,전통시장,성북구
14,장위골목시장,배(신고 600g),2500,18-May,2018-05-31,1,전통시장,성북구
14,장위골목시장,배추(2.5~3kg),2500,18-May,2018-05-31,1,전통시장,성북구
14,장위골목시장,무,2500,18-May,2018-05-31,1,전통시장,성북구
14,장위골목시장,양파(1.5kg망),2961,18-May,2018-05-31,1,전통시장,성북구
14,장위골목시장,상추(100g),750,18-May,2018-05-31,1,전통시장,성북구
14,장위골목시장,오이,550,18-May,2018-05-31,1,전통시장,성북구
14,장위골목시장,애호박,1680,18-May,2018-05-31,1,전통시장,성북구
14,장위골목시장,쇠고기(한우불고기),25900,18-May,2018-05-31,1,전통시장,성북구
14,장위골목시장,돼지고기(삼겹살),14000,18-May,2018-05-31,1,전통시장,성북구
14,장위골목시장,닭고기(육계),6000,18-May,2018-05-31,1,전통시장,성북구
14,장위골목시장,달걀(10개),3400,18-May,2018-05-31,1,전통시장,성북구
14,장위골목시장,달걀(30개),4200,18-May,2018-05-31,1,전통시장,성북구
14,장위골목시장,조기,2000,18-May,2018-05-31,1,전통시장,성북구
14,장위골목시장,명태(냉동수입산),3000,18-May,2018-05-31,1,전통시장,성북구
14,장위골목시장,오징어(생물국산),3500,18-May,2018-05-31,1,전통시장,성북구
14,장위골목시장,고등어(생물국산),3000,18-May,2018-05-31,1,전통시장,성북구
19,대림중앙시장,사과(중품),1000,18-May,2018-05-31,1,전통시장,영등포구
19,대림중앙시장,배(신고),2000,18-May,2018-05-31,1,전통시장,영등포구
19,대림중앙시장,배추,3000,18-May,2018-05-31,1,전통시장,영등포구
19,대림중앙시장,무(세척무),2000,18-May,2018-05-31,1,전통시장,영등포구
19,대림중앙시장,양파(작은망),2500,18-May,2018-05-31,1,전통시장,영등포구
19,대림중앙시장,상추,500,18-May,2018-05-31,1,전통시장,영등포구
19,대림중앙시장,오이(다다기),500,18-May,2018-05-31,1,전통시장,영등포구
19,대림중앙시장,애호박,1500,18-May,2018-05-31,1,전통시장,영등포구
19,대림중앙시장,쇠고기(한우불고기),30000,18-May,2018-05-31,1,전통시장,영등포구
19,대림중앙시장,돼지고기(생삼겹살),8400,18-May,2018-05-31,1,전통시장,영등포구
19,대림중앙시장,닭고기,5000,18-May,2018-05-31,1,전통시장,영등포구
19,대림중앙시장,달걀(10개),2500,18-May,2018-05-31,1,전통시장,영등포구
19,대림중앙시장,달걀(30개),3500,18-May,2018-05-31,1,전통시장,영등포구
19,대림중앙시장,조기,4000,18-May,2018-05-31,1,전통시장,영등포구
19,대림중앙시장,명태,3000,18-May,2018-05-31,1,전통시장,영등포구
19,대림중앙시장,오징어,4000,18-May,2018-05-31,1,전통시장,영등포구
19,대림중앙시장,고등어,2500,18-May,2018-05-31,1,전통시장,영등포구
20,영등포전통시장,사과,1000,18-May,2018-05-31,1,전통시장,영등포구
20,영등포전통시장,배(신고),2000,18-May,2018-05-31,1,전통시장,영등포구
20,영등포전통시장,배추,3500,18-May,2018-05-31,1,전통시장,영등포구
20,영등포전통시장,무,2500,18-May,2018-05-31,1,전통시장,영등포구
20,영등포전통시장,양파,3000,18-May,2018-05-31,1,전통시장,영등포구
20,영등포전통시장,상추,1000,18-May,2018-05-31,1,전통시장,영등포구
20,영등포전통시장,오이(다다기),500,18-May,2018-05-31,1,전통시장,영등포구
20,영등포전통시장,애호박,2000,18-May,2018-05-31,1,전통시장,영등포구
20,영등포전통시장,쇠고기(한우불고기),32000,18-May,2018-05-31,1,전통시장,영등포구
20,영등포전통시장,돼지고기(생삼겹살),9000,18-May,2018-05-31,1,전통시장,영등포구
20,영등포전통시장,닭고기(육계),6000,18-May,2018-05-31,1,전통시장,영등포구
20,영등포전통시장,달걀,3000,18-May,2018-05-31,1,전통시장,영등포구
20,영등포전통시장,달걀(30개),4500,18-May,2018-05-31,1,전통시장,영등포구
20,영등포전통시장,조기(생물수입산),3000,18-May,2018-05-31,1,전통시장,영등포구
20,영등포전통시장,명태(생물수입산),3000,18-May,2018-05-31,1,전통시장,영등포구
20,영등포전통시장,오징어,3500,18-May,2018-05-31,1,전통시장,영등포구
20,영등포전통시장,고등어,2500,18-May,2018-05-31,1,전통시장,영등포구
25,방학동도깨비시장,사과(부사 300g),1250,18-May,2018-05-31,1,전통시장,도봉구
25,방학동도깨비시장,배(신고 600g),2000,18-May,2018-05-31,1,전통시장,도봉구
25,방학동도깨비시장,배추(2.5~3kg),2667,18-May,2018-05-31,1,전통시장,도봉구
25,방학동도깨비시장,무(1kg),2000,18-May,2018-05-31,1,전통시장,도봉구
25,방학동도깨비시장,양파(1.5kg망),2000,18-May,2018-05-31,1,전통시장,도봉구
25,방학동도깨비시장,상추(100g),625,18-May,2018-05-31,1,전통시장,도봉구
25,방학동도깨비시장,오이(다다기),667,18-May,2018-05-31,1,전통시장,도봉구
25,방학동도깨비시장,애호박,1250,18-May,2018-05-31,1,전통시장,도봉구
25,방학동도깨비시장,쇠고기(한우불고기),24800,18-May,2018-05-31,1,전통시장,도봉구
25,방학동도깨비시장,돼지고기(삼겹살),12800,18-May,2018-05-31,1,전통시장,도봉구
25,방학동도깨비시장,닭고기(육계),6000,18-May,2018-05-31,1,전통시장,도봉구
25,방학동도깨비시장,달걀(10개),2000,18-May,2018-05-31,1,전통시장,도봉구
25,방학동도깨비시장,달걀(30개),4000,18-May,2018-05-31,1,전통시장,도봉구
25,방학동도깨비시장,조기(냉동수입산),1000,18-May,2018-05-31,1,전통시장,도봉구
25,방학동도깨비시장,명태(생물수입산),6000,18-May,2018-05-31,1,전통시장,도봉구
25,방학동도깨비시장,오징어(냉동국산),3500,18-May,2018-05-31,1,전통시장,도봉구
25,방학동도깨비시장,고등어(생물국산),3500,18-May,2018-05-31,1,전통시장,도봉구
26,신창시장,사과(부사 300g),1500,18-May,2018-05-31,1,전통시장,도봉구
26,신창시장,배(신고 600g),2000,18-May,2018-05-31,1,전통시장,도봉구
26,신창시장,배추(2.5~3kg),2500,18-May,2018-05-31,1,전통시장,도봉구
26,신창시장,무(1kg),1500,18-May,2018-05-31,1,전통시장,도봉구
26,신창시장,양파(1.5kg망),2000,18-May,2018-05-31,1,전통시장,도봉구
26,신창시장,상추(100g),625,18-May,2018-05-31,1,전통시장,도봉구
26,신창시장,오이(다다기),800,18-May,2018-05-31,1,전통시장,도봉구
26,신창시장,호박(인큐베이터),1300,18-May,2018-05-31,1,전통시장,도봉구
26,신창시장,쇠고기(한우불고기),24000,18-May,2018-05-31,1,전통시장,도봉구
26,신창시장,돼지고기(삼겹살),12600,18-May,2018-05-31,1,전통시장,도봉구
26,신창시장,닭고기(육계),6000,18-May,2018-05-31,1,전통시장,도봉구
26,신창시장,달걀(10개),2000,18-May,2018-05-31,1,전통시장,도봉구
26,신창시장,달걀(30개),4000,18-May,2018-05-31,1,전통시장,도봉구
26,신창시장,조기(냉동수입산),1000,18-May,2018-05-31,1,전통시장,도봉구
26,신창시장,명태(생물수입산),7000,18-May,2018-05-31,1,전통시장,도봉구
26,신창시장,오징어(냉동국산),3500,18-May,2018-05-31,1,전통시장,도봉구
26,신창시장,고등어(생물국산),3000,18-May,2018-05-31,1,전통시장,도봉구
31,인왕시장,사과(부사 300g),2000,18-May,2018-05-31,1,전통시장,서대문구
31,인왕시장,배(신고 600g),2000,18-May,2018-05-31,1,전통시장,서대문구
31,인왕시장,배추(2.5~3kg),2000,18-May,2018-05-31,1,전통시장,서대문구
31,인왕시장,무(1kg),2500,18-May,2018-05-31,1,전통시장,서대문구
31,인왕시장,양파(1.5kg망),3000,18-May,2018-05-31,1,전통시장,서대문구
31,인왕시장,상추(100g),750,18-May,2018-05-31,1,전통시장,서대문구
31,인왕시장,오이(다다기),500,18-May,2018-05-31,1,전통시장,서대문구
31,인왕시장,호박,1500,18-May,2018-05-31,1,전통시장,서대문구
31,인왕시장,쇠고기(한우불고기),27960,18-May,2018-05-31,1,전통시장,서대문구
31,인왕시장,돼지고기(삼겹살),12000,18-May,2018-05-31,1,전통시장,서대문구
31,인왕시장,닭고기,4500,18-May,2018-05-31,1,전통시장,서대문구
31,인왕시장,달걀(10개),3500,18-May,2018-05-31,1,전통시장,서대문구
31,인왕시장,달걀(30개),4500,18-May,2018-05-31,1,전통시장,서대문구
31,인왕시장,조기(냉동수입산),3000,18-May,2018-05-31,1,전통시장,서대문구
31,인왕시장,명태(러시아냉동),2500,18-May,2018-05-31,1,전통시장,서대문구
31,인왕시장,오징어(냉동국산),4000,18-May,2018-05-31,1,전통시장,서대문구
31,인왕시장,고등어(생물국산),4000,18-May,2018-05-31,1,전통시장,서대문구
32,영천시장,사과(부사 300g),2000,18-May,2018-05-31,1,전통시장,서대문구
32,영천시장,배(신고 600g),1500,18-May,2018-05-31,1,전통시장,서대문구
32,영천시장,배추(2.5~3kg),2500,18-May,2018-05-31,1,전통시장,서대문구
32,영천시장,무(1kg),2000,18-May,2018-05-31,1,전통시장,서대문구
32,영천시장,양파(1.5kg망),2500,18-May,2018-05-31,1,전통시장,서대문구
32,영천시장,상추,500,18-May,2018-05-31,1,전통시장,서대문구
32,영천시장,오이(다다기),330,18-May,2018-05-31,1,전통시장,서대문구
32,영천시장,애호박,1000,18-May,2018-05-31,1,전통시장,서대문구
32,영천시장,쇠고기(한우불고기),24000,18-May,2018-05-31,1,전통시장,서대문구
32,영천시장,돼지고기(삼겹살),10800,18-May,2018-05-31,1,전통시장,서대문구
32,영천시장,닭고기(토종닭),6500,18-May,2018-05-31,1,전통시장,서대문구
32,영천시장,달걀(10개),2850,18-May,2018-05-31,1,전통시장,서대문구
32,영천시장,달걀(30개),2400,18-May,2018-05-31,1,전통시장,서대문구
32,영천시장,조기(냉동수입산),3000,18-May,2018-05-31,1,전통시장,서대문구
32,영천시장,명태(러시아냉동),8000,18-May,2018-05-31,1,전통시장,서대문구
32,영천시장,오징어(냉동국산),4000,18-May,2018-05-31,1,전통시장,서대문구
32,영천시장,고등어(생물국산),5000,18-May,2018-05-31,1,전통시장,서대문구
38,송화시장,사과(부사 300g),1428,18-May,2018-05-31,1,전통시장,강서구
38,송화시장,배(신고 600g),2500,18-May,2018-05-31,1,전통시장,강서구
38,송화시장,배추(2.5~3kg),3000,18-May,2018-05-31,1,전통시장,강서구
38,송화시장,무(1kg),2000,18-May,2018-05-31,1,전통시장,강서구
38,송화시장,양파(1.5kg망),2000,18-May,2018-05-31,1,전통시장,강서구
38,송화시장,상추(100g),750,18-May,2018-05-31,1,전통시장,강서구
38,송화시장,오이(다다기),700,18-May,2018-05-31,1,전통시장,강서구
38,송화시장,호박(인큐베이터),1500,18-May,2018-05-31,1,전통시장,강서구
38,송화시장,쇠고기(한우불고기),29000,18-May,2018-05-31,1,전통시장,강서구
38,송화시장,돼지고기(생삼겹살),11800,18-May,2018-05-31,1,전통시장,강서구
38,송화시장,닭고기(육계),5500,18-May,2018-05-31,1,전통시장,강서구
38,송화시장,달걀(10개),1567,18-May,2018-05-31,1,전통시장,강서구
38,송화시장,달걀(30개),4700,18-May,2018-05-31,1,전통시장,강서구
38,송화시장,조기(냉동수입산),3000,18-May,2018-05-31,1,전통시장,강서구
38,송화시장,명태(러시아냉동),3000,18-May,2018-05-31,1,전통시장,강서구
38,송화시장,오징어(냉동국산),3500,18-May,2018-05-31,1,전통시장,강서구
38,송화시장,갈치(생물 국산),3000,18-May,2018-05-31,1,전통시장,강서구
49,대림시장,사과(부사 300g),1000,18-May,2018-05-31,1,전통시장,은평구
49,대림시장,배(중품),1500,18-May,2018-05-31,1,전통시장,은평구
49,대림시장,배추(중간),3000,18-May,2018-05-31,1,전통시장,은평구
49,대림시장,무(1kg),2000,18-May,2018-05-31,1,전통시장,은평구
49,대림시장,양파(1.5kg망),2500,18-May,2018-05-31,1,전통시장,은평구
49,대림시장,상추(100g),500,18-May,2018-05-31,1,전통시장,은평구
49,대림시장,오이(다다기),500,18-May,2018-05-31,1,전통시장,은평구
49,대림시장,호박,1000,18-May,2018-05-31,1,전통시장,은평구
49,대림시장,쇠고기(육우1등급),21000,18-May,2018-05-31,1,전통시장,은평구
49,대림시장,돼지고기(삼겹살),12900,18-May,2018-05-31,1,전통시장,은평구
49,대림시장,닭고기(육계),5500,18-May,2018-05-31,1,전통시장,은평구
49,대림시장,달걀(10개),1170,18-May,2018-05-31,1,전통시장,은평구
49,대림시장,달걀(30개),3500,18-May,2018-05-31,1,전통시장,은평구
49,대림시장,조기(냉동수입산),3300,18-May,2018-05-31,1,전통시장,은평구
49,대림시장,명태(러시아냉동),3000,18-May,2018-05-31,1,전통시장,은평구
49,대림시장,오징어(생물국산),2500,18-May,2018-05-31,1,전통시장,은평구
49,대림시장,고등어(생물국산),4000,18-May,2018-05-31,1,전통시장,은평구
55,광장시장,사과(부사 300g),2000,18-May,2018-05-31,1,전통시장,종로구
55,광장시장,배(신고 600g),3000,18-May,2018-05-31,1,전통시장,종로구
55,광장시장,배추(2.5~3kg),5000,18-May,2018-05-31,1,전통시장,종로구
55,광장시장,무(세척무 중),2500,18-May,2018-05-31,1,전통시장,종로구
55,광장시장,양파(1.5kg망),5000,18-May,2018-05-31,1,전통시장,종로구
55,광장시장,상추(100g),750,18-May,2018-05-31,1,전통시장,종로구
55,광장시장,오이(다다기),700,18-May,2018-05-31,1,전통시장,종로구
55,광장시장,호박(인큐베이터),2000,18-May,2018-05-31,1,전통시장,종로구
55,광장시장,쇠고기(한우불고기),27000,18-May,2018-05-31,1,전통시장,종로구
55,광장시장,돼지고기(생삼겹살),22000,18-May,2018-05-31,1,전통시장,종로구
55,광장시장,닭고기(육계),5000,18-May,2018-05-31,1,전통시장,종로구
55,광장시장,달걀(10개),1500,18-May,2018-05-31,1,전통시장,종로구
55,광장시장,달걀(30개),4000,18-May,2018-05-31,1,전통시장,종로구
55,광장시장,조기(냉동수입산),6000,18-May,2018-05-31,1,전통시장,종로구
55,광장시장,명태(생물수입산),6000,18-May,2018-05-31,1,전통시장,종로구
55,광장시장,오징어(생물국산),4000,18-May,2018-05-31,1,전통시장,종로구
55,광장시장,고등어(생물국산),5000,18-May,2018-05-31,1,전통시장,종로구
62,후암시장,사과(부사)중급(대),2000,18-May,2018-05-31,1,전통시장,용산구
62,후암시장,배(중품)신고,2500,18-May,2018-05-31,1,전통시장,용산구
62,후암시장,배추(2.5~3kg),2000,18-May,2018-05-31,1,전통시장,용산구
62,후암시장,무(세척무),2000,18-May,2018-05-31,1,전통시장,용산구
62,후암시장,양파(1.5kg망),2500,18-May,2018-05-31,1,전통시장,용산구
62,후암시장,상추(100g),1500,18-May,2018-05-31,1,전통시장,용산구
62,후암시장,오이(다다기),700,18-May,2018-05-31,1,전통시장,용산구
62,후암시장,애호박,1500,18-May,2018-05-31,1,전통시장,용산구
62,후암시장,쇠고기(한우1등급),27000,18-May,2018-05-31,1,전통시장,용산구
62,후암시장,돼지고기(생삼겹살),1200,18-May,2018-05-31,1,전통시장,용산구
62,후암시장,닭고기(육계),5000,18-May,2018-05-31,1,전통시장,용산구
62,후암시장,달걀(10개),2850,18-May,2018-05-31,1,전통시장,용산구
62,후암시장,달걀(30개),5800,18-May,2018-05-31,1,전통시장,용산구
62,후암시장,조기(국산생물),2500,18-May,2018-05-31,1,전통시장,용산구
62,후암시장,명태(러시아냉동),3000,18-May,2018-05-31,1,전통시장,용산구
62,후암시장,오징어(생물국산),3500,18-May,2018-05-31,1,전통시장,용산구
62,후암시장,고등어(생물국산),3000,18-May,2018-05-31,1,전통시장,용산구
66,수유재래시장,사과(부사 300g),2500,18-May,2018-05-31,1,전통시장,강북구
66,수유재래시장,배(신고 600g),2500,18-May,2018-05-31,1,전통시장,강북구
66,수유재래시장,배추(2.5~3kg),4000,18-May,2018-05-31,1,전통시장,강북구
66,수유재래시장,무(1kg),2000,18-May,2018-05-31,1,전통시장,강북구
66,수유재래시장,양파(1.5kg망),3500,18-May,2018-05-31,1,전통시장,강북구
66,수유재래시장,상추(100g),400,18-May,2018-05-31,1,전통시장,강북구
66,수유재래시장,오이(다다기),500,18-May,2018-05-31,1,전통시장,강북구
66,수유재래시장,애호박,1500,18-May,2018-05-31,1,전통시장,강북구
66,수유재래시장,쇠고기(한우2등급),21000,18-May,2018-05-31,1,전통시장,강북구
66,수유재래시장,돼지고기(생삼겹살),9900,18-May,2018-05-31,1,전통시장,강북구
66,수유재래시장,닭고기,5500,18-May,2018-05-31,1,전통시장,강북구
66,수유재래시장,달걀(10개),2000,18-May,2018-05-31,1,전통시장,강북구
66,수유재래시장,달걀(30개),6000,18-May,2018-05-31,1,전통시장,강북구
66,수유재래시장,조기(냉동수입산),5000,18-May,2018-05-31,1,전통시장,강북구
66,수유재래시장,명태(러시아냉동),4000,18-May,2018-05-31,1,전통시장,강북구
66,수유재래시장,오징어(냉동국산),2500,18-May,2018-05-31,1,전통시장,강북구
66,수유재래시장,고등어(생물국산),6000,18-May,2018-05-31,1,전통시장,강북구
72,금남시장,사과,1230,18-May,2018-05-31,1,전통시장,성동구
72,금남시장,배(신고 600g),1400,18-May,2018-05-31,1,전통시장,성동구
72,금남시장,배추(2.5~3kg),3000,18-May,2018-05-31,1,전통시장,성동구
72,금남시장,무,2000,18-May,2018-05-31,1,전통시장,성동구
72,금남시장,양파(1.5kg망),2000,18-May,2018-05-31,1,전통시장,성동구
72,금남시장,상추,300,18-May,2018-05-31,1,전통시장,성동구
72,금남시장,오이(다다기),500,18-May,2018-05-31,1,전통시장,성동구
72,금남시장,호박(인큐베이터),1500,18-May,2018-05-31,1,전통시장,성동구
72,금남시장,쇠고기(한우1등급),23000,18-May,2018-05-31,1,전통시장,성동구
72,금남시장,돼지고기(생삼겹살),13000,18-May,2018-05-31,1,전통시장,성동구
72,금남시장,닭고기,5000,18-May,2018-05-31,1,전통시장,성동구
72,금남시장,달걀(10개),2000,18-May,2018-05-31,1,전통시장,성동구
72,금남시장,달걀(30개),4000,18-May,2018-05-31,1,전통시장,성동구
72,금남시장,조기(국산냉동),1000,18-May,2018-05-31,1,전통시장,성동구
72,금남시장,명태(냉동수입산),2500,18-May,2018-05-31,1,전통시장,성동구
72,금남시장,오징어(냉동국산),4500,18-May,2018-05-31,1,전통시장,성동구
72,금남시장,고등어(생물국산),1500,18-May,2018-05-31,1,전통시장,성동구
73,뚝도시장,사과(부사 300g),1480,18-May,2018-05-31,1,전통시장,성동구
73,뚝도시장,배(신고 600g),1500,18-May,2018-05-31,1,전통시장,성동구
73,뚝도시장,배추(2.5~3kg),2700,18-May,2018-05-31,1,전통시장,성동구
73,뚝도시장,무(세척무),2000,18-May,2018-05-31,1,전통시장,성동구
73,뚝도시장,양파(1.5kg망),1500,18-May,2018-05-31,1,전통시장,성동구
73,뚝도시장,상추(100g),400,18-May,2018-05-31,1,전통시장,성동구
73,뚝도시장,오이,700,18-May,2018-05-31,1,전통시장,성동구
73,뚝도시장,호박,2000,18-May,2018-05-31,1,전통시장,성동구
73,뚝도시장,쇠고기(한우불고기),23500,18-May,2018-05-31,1,전통시장,성동구
73,뚝도시장,돼지고기(삼겹살),12000,18-May,2018-05-31,1,전통시장,성동구
73,뚝도시장,닭고기,5000,18-May,2018-05-31,1,전통시장,성동구
73,뚝도시장,달걀(10개),2500,18-May,2018-05-31,1,전통시장,성동구
73,뚝도시장,달걀(30개),4000,18-May,2018-05-31,1,전통시장,성동구
73,뚝도시장,조기(냉동국산),1000,18-May,2018-05-31,1,전통시장,성동구
73,뚝도시장,명태(러시아냉동),2000,18-May,2018-05-31,1,전통시장,성동구
73,뚝도시장,오징어(냉동국산),5000,18-May,2018-05-31,1,전통시장,성동구
73,뚝도시장,고등어(생물국산),2000,18-May,2018-05-31,1,전통시장,성동구
78,자양골목시장,사과(부사 300g),2500,18-May,2018-05-30,1,전통시장,광진구
78,자양골목시장,배(신고 600g),3000,18-May,2018-05-30,1,전통시장,광진구
78,자양골목시장,배추(2.5~3kg),1970,18-May,2018-05-30,1,전통시장,광진구
78,자양골목시장,무(1kg),1500,18-May,2018-05-30,1,전통시장,광진구
78,자양골목시장,양파(1.5kg망),2800,18-May,2018-05-30,1,전통시장,광진구
78,자양골목시장,상추(100g),890,18-May,2018-05-30,1,전통시장,광진구
78,자양골목시장,오이,650,18-May,2018-05-30,1,전통시장,광진구
78,자양골목시장,호박(인큐베이터),1350,18-May,2018-05-30,1,전통시장,광진구
78,자양골목시장,쇠고기(한우불고기),24000,18-May,2018-05-30,1,전통시장,광진구
78,자양골목시장,돼지고기(삼겹살),13800,18-May,2018-05-30,1,전통시장,광진구
78,자양골목시장,닭고기(육계),6500,18-May,2018-05-30,1,전통시장,광진구
78,자양골목시장,달걀(10개),2990,18-May,2018-05-30,1,전통시장,광진구
78,자양골목시장,달걀(30개),6290,18-May,2018-05-30,1,전통시장,광진구
78,자양골목시장,냉동참조기(20cm국산),2000,18-May,2018-05-30,1,전통시장,광진구
78,자양골목시장,명태(냉동수입산),3000,18-May,2018-05-30,1,전통시장,광진구
78,자양골목시장,오징어(생물국산),2500,18-May,2018-05-30,1,전통시장,광진구
78,자양골목시장,고등어(생물국산),2500,18-May,2018-05-30,1,전통시장,광진구
84,청량리종합시장,사과(부사 300g),1000,18-May,2018-05-31,1,전통시장,동대문구
84,청량리종합시장,배(신고 600g),1300,18-May,2018-05-31,1,전통시장,동대문구
84,청량리종합시장,배추(2.5~3kg),2500,18-May,2018-05-31,1,전통시장,동대문구
84,청량리종합시장,무(1kg),2000,18-May,2018-05-31,1,전통시장,동대문구
84,청량리종합시장,양파,1000,18-May,2018-05-31,1,전통시장,동대문구
84,청량리종합시장,상추,500,18-May,2018-05-31,1,전통시장,동대문구
84,청량리종합시장,오이(다다기),400,18-May,2018-05-31,1,전통시장,동대문구
84,청량리종합시장,애호박,1500,18-May,2018-05-31,1,전통시장,동대문구
84,청량리종합시장,쇠고기(한우불고기),28000,18-May,2018-05-31,1,전통시장,동대문구
84,청량리종합시장,돼지고기(생삼겹살),13000,18-May,2018-05-31,1,전통시장,동대문구
84,청량리종합시장,닭고기(육계),4000,18-May,2018-05-31,1,전통시장,동대문구
84,청량리종합시장,달걀(10개),1000,18-May,2018-05-31,1,전통시장,동대문구
84,청량리종합시장,달걀(30개),2800,18-May,2018-05-31,1,전통시장,동대문구
84,청량리종합시장,조기(냉동수입산),3000,18-May,2018-05-31,1,전통시장,동대문구
84,청량리종합시장,명태(러시아냉동),2000,18-May,2018-05-31,1,전통시장,동대문구
84,청량리종합시장,오징어(냉동국산),2500,18-May,2018-05-31,1,전통시장,동대문구
84,청량리종합시장,고등어(생물국산),5000,18-May,2018-05-31,1,전통시장,동대문구
85,경동시장,사과(부사 300g),1000,18-May,2018-05-31,1,전통시장,동대문구
85,경동시장,배(신고 600g),1700,18-May,2018-05-31,1,전통시장,동대문구
85,경동시장,배추(2.5~3kg),3000,18-May,2018-05-31,1,전통시장,동대문구
85,경동시장,무(1kg),3000,18-May,2018-05-31,1,전통시장,동대문구
85,경동시장,양파,2000,18-May,2018-05-31,1,전통시장,동대문구
85,경동시장,상추,500,18-May,2018-05-31,1,전통시장,동대문구
85,경동시장,오이(다다기),500,18-May,2018-05-31,1,전통시장,동대문구
85,경동시장,애호박,1500,18-May,2018-05-31,1,전통시장,동대문구
85,경동시장,쇠고기(한우불고기),25000,18-May,2018-05-31,1,전통시장,동대문구
85,경동시장,돼지고기(생삼겹살),11000,18-May,2018-05-31,1,전통시장,동대문구
85,경동시장,닭고기(육계),4000,18-May,2018-05-31,1,전통시장,동대문구
85,경동시장,달걀(10개),1100,18-May,2018-05-31,1,전통시장,동대문구
85,경동시장,달걀(30개),3200,18-May,2018-05-31,1,전통시장,동대문구
85,경동시장,조기(냉동수입산),3000,18-May,2018-05-31,1,전통시장,동대문구
85,경동시장,명태(러시아냉동),2000,18-May,2018-05-31,1,전통시장,동대문구
85,경동시장,오징어(냉동국산),4000,18-May,2018-05-31,1,전통시장,동대문구
85,경동시장,고등어(생물국산),4500,18-May,2018-05-31,1,전통시장,동대문구
90,우림시장,사과(부사 300g),2000,18-May,2018-05-31,1,전통시장,중랑구
90,우림시장,배(신고 600g),2500,18-May,2018-05-31,1,전통시장,중랑구
90,우림시장,배추(2.5~3kg),3000,18-May,2018-05-31,1,전통시장,중랑구
90,우림시장,무(1kg),1500,18-May,2018-05-31,1,전통시장,중랑구
90,우림시장,양파(1.5kg망),2000,18-May,2018-05-31,1,전통시장,중랑구
90,우림시장,상추(100g),500,18-May,2018-05-31,1,전통시장,중랑구
90,우림시장,오이(다다기),500,18-May,2018-05-31,1,전통시장,중랑구
90,우림시장,호박(인큐베이터),1000,18-May,2018-05-31,1,전통시장,중랑구
90,우림시장,쇠고기(한우불고기),25200,18-May,2018-05-31,1,전통시장,중랑구
90,우림시장,돼지고기(생삼겹살),14400,18-May,2018-05-31,1,전통시장,중랑구
90,우림시장,닭고기(육계),5600,18-May,2018-05-31,1,전통시장,중랑구
90,우림시장,달걀(10개),2000,18-May,2018-05-31,1,전통시장,중랑구
90,우림시장,달걀(30개),5500,18-May,2018-05-31,1,전통시장,중랑구
90,우림시장,조기(냉동수입산),2000,18-May,2018-05-31,1,전통시장,중랑구
90,우림시장,명태(냉동수입산),4000,18-May,2018-05-31,1,전통시장,중랑구
90,우림시장,오징어(냉동수입산),2500,18-May,2018-05-31,1,전통시장,중랑구
90,우림시장,고등어(냉동수입산),3000,18-May,2018-05-31,1,전통시장,중랑구
91,동원시장,사과(부사 300g),1660,18-May,2018-05-31,1,전통시장,중랑구
91,동원시장,배(신고 600g),2500,18-May,2018-05-31,1,전통시장,중랑구
91,동원시장,배추(2.5~3kg),3200,18-May,2018-05-31,1,전통시장,중랑구
91,동원시장,무(1kg),2000,18-May,2018-05-31,1,전통시장,중랑구
91,동원시장,양파(1.5kg망),2500,18-May,2018-05-31,1,전통시장,중랑구
91,동원시장,상추(100g),500,18-May,2018-05-31,1,전통시장,중랑구
91,동원시장,오이(다다기),4000,18-May,2018-05-31,1,전통시장,중랑구
91,동원시장,호박(인큐베이터),1000,18-May,2018-05-31,1,전통시장,중랑구
91,동원시장,쇠고기(한우불고기),24000,18-May,2018-05-31,1,전통시장,중랑구
91,동원시장,돼지고기(생삼겹살),12600,18-May,2018-05-31,1,전통시장,중랑구
91,동원시장,닭고기(육계),6200,18-May,2018-05-31,1,전통시장,중랑구
91,동원시장,달걀(10개),2000,18-May,2018-05-31,1,전통시장,중랑구
91,동원시장,달걀(30개),5500,18-May,2018-05-31,1,전통시장,중랑구
91,동원시장,조기(냉동수입산),2000,18-May,2018-05-31,1,전통시장,중랑구
91,동원시장,명태(냉동수입산),4500,18-May,2018-05-31,1,전통시장,중랑구
91,동원시장,오징어(냉동국산),2500,18-May,2018-05-31,1,전통시장,중랑구
91,동원시장,고등어(생물수입산),3000,18-May,2018-05-31,1,전통시장,중랑구
96,공릉동 도깨비시장,사과(부사 300g),1000,18-May,2018-05-31,1,전통시장,노원구
96,공릉동 도깨비시장,배(신고 600g),2000,18-May,2018-05-31,1,전통시장,노원구
96,공릉동 도깨비시장,배추(2.5~3kg),3000,18-May,2018-05-31,1,전통시장,노원구
96,공릉동 도깨비시장,무(1kg),2500,18-May,2018-05-31,1,전통시장,노원구
96,공릉동 도깨비시장,양파(1.5kg망),2000,18-May,2018-05-31,1,전통시장,노원구
96,공릉동 도깨비시장,상추,700,18-May,2018-05-31,1,전통시장,노원구
96,공릉동 도깨비시장,오이(다다기),500,18-May,2018-05-31,1,전통시장,노원구
96,공릉동 도깨비시장,애호박,1500,18-May,2018-05-31,1,전통시장,노원구
96,공릉동 도깨비시장,쇠고기(한우불고기),22800,18-May,2018-05-31,1,전통시장,노원구
96,공릉동 도깨비시장,돼지고기(생삼겹살),12900,18-May,2018-05-31,1,전통시장,노원구
96,공릉동 도깨비시장,닭고기(육계),6000,18-May,2018-05-31,1,전통시장,노원구
96,공릉동 도깨비시장,달걀(왕란),2500,18-May,2018-05-31,1,전통시장,노원구
96,공릉동 도깨비시장,달걀(왕란),4800,18-May,2018-05-31,1,전통시장,노원구
96,공릉동 도깨비시장,조기(냉동수입산),5000,18-May,2018-05-31,1,전통시장,노원구
96,공릉동 도깨비시장,명태(러시아냉동),3000,18-May,2018-05-31,1,전통시장,노원구
96,공릉동 도깨비시장,오징어(냉동국산),4000,18-May,2018-05-31,1,전통시장,노원구
96,공릉동 도깨비시장,고등어(냉동국산),5000,18-May,2018-05-31,1,전통시장,노원구
102,목3동시장,사과(부사 300g),2500,18-May,2018-05-31,1,전통시장,양천구
102,목3동시장,배(신고 600g),3333,18-May,2018-05-31,1,전통시장,양천구
102,목3동시장,배추(2.5~3kg),3333,18-May,2018-05-31,1,전통시장,양천구
102,목3동시장,무(1kg),2000,18-May,2018-05-31,1,전통시장,양천구
102,목3동시장,양파(1.5kg망),2000,18-May,2018-05-31,1,전통시장,양천구
102,목3동시장,상추(100g),250,18-May,2018-05-31,1,전통시장,양천구
102,목3동시장,오이,250,18-May,2018-05-31,1,전통시장,양천구
102,목3동시장,애호박,1500,18-May,2018-05-31,1,전통시장,양천구
102,목3동시장,쇠고기,21000,18-May,2018-05-31,1,전통시장,양천구
102,목3동시장,돼지고기(생삼겹살),14400,18-May,2018-05-31,1,전통시장,양천구
102,목3동시장,닭고기,6500,18-May,2018-05-31,1,전통시장,양천구
102,목3동시장,달걀(10개),3750,18-May,2018-05-31,1,전통시장,양천구
102,목3동시장,달걀(30개),5800,18-May,2018-05-31,1,전통시장,양천구
102,목3동시장,조기(국산생물),3300,18-May,2018-05-31,1,전통시장,양천구
102,목3동시장,명태(러시아냉동),2500,18-May,2018-05-31,1,전통시장,양천구
102,목3동시장,오징어(생물국산),3000,18-May,2018-05-31,1,전통시장,양천구
102,목3동시장,고등어(30cm국산),2500,18-May,2018-05-31,1,전통시장,양천구
103,신영시장,사과(부사 300g),1429,18-May,2018-05-31,1,전통시장,양천구
103,신영시장,배(신고),3000,18-May,2018-05-31,1,전통시장,양천구
103,신영시장,배추(2.5~3kg),4000,18-May,2018-05-31,1,전통시장,양천구
103,신영시장,무(1kg),2000,18-May,2018-05-31,1,전통시장,양천구
103,신영시장,양파(1.5kg망),2000,18-May,2018-05-31,1,전통시장,양천구
103,신영시장,상추(100g),250,18-May,2018-05-31,1,전통시장,양천구
103,신영시장,오이(다다기),400,18-May,2018-05-31,1,전통시장,양천구
103,신영시장,애호박,1500,18-May,2018-05-31,1,전통시장,양천구
103,신영시장,쇠고기(한우불고기),24000,18-May,2018-05-31,1,전통시장,양천구
103,신영시장,돼지고기(삼겹살),12000,18-May,2018-05-31,1,전통시장,양천구
103,신영시장,닭고기(육계),5000,18-May,2018-05-31,1,전통시장,양천구
103,신영시장,달걀(10개),3500,18-May,2018-05-31,1,전통시장,양천구
103,신영시장,달걀(30개),4600,18-May,2018-05-31,1,전통시장,양천구
103,신영시장,조기(냉동수입산),2500,18-May,2018-05-31,1,전통시장,양천구
103,신영시장,동태,2500,18-May,2018-05-31,1,전통시장,양천구
103,신영시장,오징어(생물국산),4000,18-May,2018-05-31,1,전통시장,양천구
103,신영시장,고등어(30cm국산),2500,18-May,2018-05-31,1,전통시장,양천구
108,남구로시장,사과(부사 300g),1500,18-May,2018-05-30,1,전통시장,구로구
108,남구로시장,배(신고 600g),2500,18-May,2018-05-30,1,전통시장,구로구
108,남구로시장,배추(2.5~3kg),3000,18-May,2018-05-30,1,전통시장,구로구
108,남구로시장,무(1kg),2000,18-May,2018-05-30,1,전통시장,구로구
108,남구로시장,양파(작은망),2000,18-May,2018-05-30,1,전통시장,구로구
108,남구로시장,상추,500,18-May,2018-05-30,1,전통시장,구로구
108,남구로시장,오이,330,18-May,2018-05-30,1,전통시장,구로구
108,남구로시장,애호박,800,18-May,2018-05-30,1,전통시장,구로구
108,남구로시장,쇠고기(한우불고기),30000,18-May,2018-05-30,1,전통시장,구로구
108,남구로시장,돼지고기(생삼겹살),13200,18-May,2018-05-30,1,전통시장,구로구
108,남구로시장,닭고기(육계),5000,18-May,2018-05-30,1,전통시장,구로구
108,남구로시장,달걀(10개),1700,18-May,2018-05-30,1,전통시장,구로구
108,남구로시장,달걀(30개),3600,18-May,2018-05-30,1,전통시장,구로구
108,남구로시장,조기(국산냉동),1000,18-May,2018-05-30,1,전통시장,구로구
108,남구로시장,명태(러시아냉동),3000,18-May,2018-05-30,1,전통시장,구로구
108,남구로시장,오징어(냉동국산),3330,18-May,2018-05-30,1,전통시장,구로구
108,남구로시장,고등어(생물국산),2500,18-May,2018-05-30,1,전통시장,구로구
109,고척근린시장,사과(부사 300g),1250,18-May,2018-05-30,1,전통시장,구로구
109,고척근린시장,배(신고 600g),3000,18-May,2018-05-30,1,전통시장,구로구
109,고척근린시장,배추(2.5~3kg),3000,18-May,2018-05-30,1,전통시장,구로구
109,고척근린시장,무(1kg),2000,18-May,2018-05-30,1,전통시장,구로구
109,고척근린시장,양파(작은망),2500,18-May,2018-05-30,1,전통시장,구로구
109,고척근린시장,상추,500,18-May,2018-05-30,1,전통시장,구로구
109,고척근린시장,오이,400,18-May,2018-05-30,1,전통시장,구로구
109,고척근린시장,애호박,800,18-May,2018-05-30,1,전통시장,구로구
109,고척근린시장,쇠고기(한우불고기),30000,18-May,2018-05-30,1,전통시장,구로구
109,고척근린시장,돼지고기(생삼겹살),12000,18-May,2018-05-30,1,전통시장,구로구
109,고척근린시장,닭고기(육계),5000,18-May,2018-05-30,1,전통시장,구로구
109,고척근린시장,달걀(10개),1700,18-May,2018-05-30,1,전통시장,구로구
109,고척근린시장,달걀(30개),3800,18-May,2018-05-30,1,전통시장,구로구
109,고척근린시장,조기(냉동국산),1000,18-May,2018-05-30,1,전통시장,구로구
109,고척근린시장,명태(러시아냉동),2500,18-May,2018-05-30,1,전통시장,구로구
109,고척근린시장,오징어(냉동국산),4000,18-May,2018-05-30,1,전통시장,구로구
109,고척근린시장,고등어(생물국산),3000,18-May,2018-05-30,1,전통시장,구로구
114,현대시장,사과(부사 300g),2000,18-May,2018-05-31,1,전통시장,금천구
114,현대시장,배(신고 600g),2500,18-May,2018-05-31,1,전통시장,금천구
114,현대시장,배추(2.5~3kg),3000,18-May,2018-05-31,1,전통시장,금천구
114,현대시장,무(1kg),1500,18-May,2018-05-31,1,전통시장,금천구
114,현대시장,양파(1.5kg망),2000,18-May,2018-05-31,1,전통시장,금천구
114,현대시장,상추(100g),500,18-May,2018-05-31,1,전통시장,금천구
114,현대시장,오이(다다기),200,18-May,2018-05-31,1,전통시장,금천구
114,현대시장,호박(인큐베이터),1000,18-May,2018-05-31,1,전통시장,금천구
114,현대시장,쇠고기(한우불고기),27000,18-May,2018-05-31,1,전통시장,금천구
114,현대시장,돼지고기(생삼겹살),14000,18-May,2018-05-31,1,전통시장,금천구
114,현대시장,닭고기(육계),5500,18-May,2018-05-31,1,전통시장,금천구
114,현대시장,달걀(10개),1660,18-May,2018-05-31,1,전통시장,금천구
114,현대시장,달걀(30개),5000,18-May,2018-05-31,1,전통시장,금천구
114,현대시장,조기(냉동수입산),2500,18-May,2018-05-31,1,전통시장,금천구
114,현대시장,명태(러시아냉동),2000,18-May,2018-05-31,1,전통시장,금천구
114,현대시장,오징어(생물국산),3000,18-May,2018-05-31,1,전통시장,금천구
114,현대시장,고등어(생물국산),2000,18-May,2018-05-31,1,전통시장,금천구
115,남문시장,사과(부사 300g),2000,18-May,2018-05-31,1,전통시장,금천구
115,남문시장,배(신고 600g),2500,18-May,2018-05-31,1,전통시장,금천구
115,남문시장,배추(2.5~3kg),3000,18-May,2018-05-31,1,전통시장,금천구
115,남문시장,무(1kg),1000,18-May,2018-05-31,1,전통시장,금천구
115,남문시장,양파(1.5kg망),2000,18-May,2018-05-31,1,전통시장,금천구
115,남문시장,상추(100g),500,18-May,2018-05-31,1,전통시장,금천구
115,남문시장,오이(다다기),200,18-May,2018-05-31,1,전통시장,금천구
115,남문시장,호박(인큐베이터),1000,18-May,2018-05-31,1,전통시장,금천구
115,남문시장,쇠고기(한우불고기),26000,18-May,2018-05-31,1,전통시장,금천구
115,남문시장,돼지고기(생삼겹살),13000,18-May,2018-05-31,1,전통시장,금천구
115,남문시장,닭고기(육계),5500,18-May,2018-05-31,1,전통시장,금천구
115,남문시장,달걀(10개),1500,18-May,2018-05-31,1,전통시장,금천구
115,남문시장,달걀(30개),4500,18-May,2018-05-31,1,전통시장,금천구
115,남문시장,조기(중국산생물),3000,18-May,2018-05-31,1,전통시장,금천구
115,남문시장,명태(러시아냉동),2500,18-May,2018-05-31,1,전통시장,금천구
115,남문시장,오징어(생물국산),3000,18-May,2018-05-31,1,전통시장,금천구
115,남문시장,고등어(생물국산),2000,18-May,2018-05-31,1,전통시장,금천구
120,망원시장,사과(부사 300g),830,18-May,2018-05-31,1,전통시장,마포구
120,망원시장,배(신고 600g),1500,18-May,2018-05-31,1,전통시장,마포구
120,망원시장,배추(2.5~3kg),3660,18-May,2018-05-31,1,전통시장,마포구
120,망원시장,무(1kg),2500,18-May,2018-05-31,1,전통시장,마포구
120,망원시장,양파(1.5kg망),3000,18-May,2018-05-31,1,전통시장,마포구
120,망원시장,상추,2000,18-May,2018-05-31,1,전통시장,마포구
120,망원시장,오이(다다기),400,18-May,2018-05-31,1,전통시장,마포구
120,망원시장,애호박,2000,18-May,2018-05-31,1,전통시장,마포구
120,망원시장,쇠고기(한우불고기),27000,18-May,2018-05-31,1,전통시장,마포구
120,망원시장,돼지고기(생삼겹살),11800,18-May,2018-05-31,1,전통시장,마포구
120,망원시장,닭고기(육계),7000,18-May,2018-05-31,1,전통시장,마포구
120,망원시장,달걀(10개),1400,18-May,2018-05-31,1,전통시장,마포구
120,망원시장,달걀(30개),3600,18-May,2018-05-31,1,전통시장,마포구
120,망원시장,조기(냉동수입산),3330,18-May,2018-05-31,1,전통시장,마포구
120,망원시장,명태(러시아냉동),3330,18-May,2018-05-31,1,전통시장,마포구
120,망원시장,오징어(냉동국산),3330,18-May,2018-05-31,1,전통시장,마포구
120,망원시장,고등어(생물국산),3330,18-May,2018-05-31,1,전통시장,마포구
121,마포농수산물시장,사과(부사 300g),1000,18-May,2018-05-31,1,전통시장,마포구
121,마포농수산물시장,배(신고 600g),2000,18-May,2018-05-31,1,전통시장,마포구
121,마포농수산물시장,배추(2.5~3kg),4000,18-May,2018-05-31,1,전통시장,마포구
121,마포농수산물시장,무(1kg),3000,18-May,2018-05-31,1,전통시장,마포구
121,마포농수산물시장,양파(1.5kg망),3000,18-May,2018-05-31,1,전통시장,마포구
121,마포농수산물시장,상추(100g),1000,18-May,2018-05-31,1,전통시장,마포구
121,마포농수산물시장,오이(다다기),500,18-May,2018-05-31,1,전통시장,마포구
121,마포농수산물시장,애호박,2000,18-May,2018-05-31,1,전통시장,마포구
121,마포농수산물시장,쇠고기(한우불고기),24000,18-May,2018-05-31,1,전통시장,마포구
121,마포농수산물시장,돼지고기(생삼겹살),13800,18-May,2018-05-31,1,전통시장,마포구
121,마포농수산물시장,닭고기(육계),6000,18-May,2018-05-31,1,전통시장,마포구
121,마포농수산물시장,달걀(10개),1300,18-May,2018-05-31,1,전통시장,마포구
121,마포농수산물시장,달걀(30개),3900,18-May,2018-05-31,1,전통시장,마포구
121,마포농수산물시장,조기(생물수입산),3330,18-May,2018-05-31,1,전통시장,마포구
121,마포농수산물시장,명태(러시아냉동),3330,18-May,2018-05-31,1,전통시장,마포구
121,마포농수산물시장,오징어(생물국산),5000,18-May,2018-05-31,1,전통시장,마포구
121,마포농수산물시장,고등어(생물국산),3330,18-May,2018-05-31,1,전통시장,마포구
127,남성시장,사과(부사 300g),1000,18-May,2018-05-31,1,전통시장,동작구
127,남성시장,배(신고 600g),2000,18-May,2018-05-31,1,전통시장,동작구
127,남성시장,배추(2.5~3kg),2660,18-May,2018-05-31,1,전통시장,동작구
127,남성시장,무(1kg),3000,18-May,2018-05-31,1,전통시장,동작구
127,남성시장,양파,2000,18-May,2018-05-31,1,전통시장,동작구
127,남성시장,상추(100g),500,18-May,2018-05-31,1,전통시장,동작구
127,남성시장,오이(다다기),400,18-May,2018-05-31,1,전통시장,동작구
127,남성시장,호박(인큐베이터),1300,18-May,2018-05-31,1,전통시장,동작구
127,남성시장,쇠고기(한우1등급),18000,18-May,2018-05-31,1,전통시장,동작구
127,남성시장,돼지고기(생삼겹살),10800,18-May,2018-05-31,1,전통시장,동작구
127,남성시장,닭고기(육계),4000,18-May,2018-05-31,1,전통시장,동작구
127,남성시장,달걀(10개),3800,18-May,2018-05-31,1,전통시장,동작구
127,남성시장,달걀(30개),4200,18-May,2018-05-31,1,전통시장,동작구
127,남성시장,조기(냉동수입산),2500,18-May,2018-05-31,1,전통시장,동작구
127,남성시장,명태(생물수입산),7000,18-May,2018-05-31,1,전통시장,동작구
127,남성시장,오징어(냉동국산),4000,18-May,2018-05-31,1,전통시장,동작구
127,남성시장,고등어(냉동국산),2000,18-May,2018-05-31,1,전통시장,동작구
133,원당종합시장,사과(부사 300g),1428,18-May,2018-05-30,1,전통시장,관악구
133,원당종합시장,배(신고 600g),4000,18-May,2018-05-30,1,전통시장,관악구
133,원당종합시장,배추(2.5~3kg),2666,18-May,2018-05-30,1,전통시장,관악구
133,원당종합시장,무(1kg),2000,18-May,2018-05-30,1,전통시장,관악구
133,원당종합시장,양파(1.5kg망),3000,18-May,2018-05-30,1,전통시장,관악구
133,원당종합시장,상추(100g),750,18-May,2018-05-30,1,전통시장,관악구
133,원당종합시장,오이(다다기),500,18-May,2018-05-30,1,전통시장,관악구
133,원당종합시장,애호박,1500,18-May,2018-05-30,1,전통시장,관악구
133,원당종합시장,쇠고기(한우불고기),30000,18-May,2018-05-30,1,전통시장,관악구
133,원당종합시장,돼지고기(생삼겹살),12000,18-May,2018-05-30,1,전통시장,관악구
133,원당종합시장,닭고기(육계),7000,18-May,2018-05-30,1,전통시장,관악구
133,원당종합시장,달걀(10개),2500,18-May,2018-05-30,1,전통시장,관악구
133,원당종합시장,달걀(30개),4500,18-May,2018-05-30,1,전통시장,관악구
133,원당종합시장,조기(냉동국산),2000,18-May,2018-05-30,1,전통시장,관악구
133,원당종합시장,명태(생물수입산),5000,18-May,2018-05-30,1,전통시장,관악구
133,원당종합시장,오징어(생물국산),2500,18-May,2018-05-30,1,전통시장,관악구
133,원당종합시장,고등어(냉동국산),2500,18-May,2018-05-30,1,전통시장,관악구
134,신원시장(신림1동),사과(부사 300g),2000,18-May,2018-05-30,1,전통시장,관악구
134,신원시장(신림1동),배(신고 600g),3000,18-May,2018-05-30,1,전통시장,관악구
134,신원시장(신림1동),배추(2.5~3kg),2333,18-May,2018-05-30,1,전통시장,관악구
134,신원시장(신림1동),무(1kg),1500,18-May,2018-05-30,1,전통시장,관악구
134,신원시장(신림1동),양파(1.5kg망),3000,18-May,2018-05-30,1,전통시장,관악구
134,신원시장(신림1동),상추(100g),750,18-May,2018-05-30,1,전통시장,관악구
134,신원시장(신림1동),오이(다다기),500,18-May,2018-05-30,1,전통시장,관악구
134,신원시장(신림1동),애호박,1000,18-May,2018-05-30,1,전통시장,관악구
134,신원시장(신림1동),쇠고기(한우불고기),30000,18-May,2018-05-30,1,전통시장,관악구
134,신원시장(신림1동),돼지고기(생삼겹살),15000,18-May,2018-05-30,1,전통시장,관악구
134,신원시장(신림1동),닭고기(육계),8000,18-May,2018-05-30,1,전통시장,관악구
134,신원시장(신림1동),달걀(10개),3000,18-May,2018-05-30,1,전통시장,관악구
134,신원시장(신림1동),달걀(30개),5500,18-May,2018-05-30,1,전통시장,관악구
134,신원시장(신림1동),조기(국산생물),1000,18-May,2018-05-30,1,전통시장,관악구
134,신원시장(신림1동),명태(생물수입산),3000,18-May,2018-05-30,1,전통시장,관악구
134,신원시장(신림1동),오징어(냉동국산),5000,18-May,2018-05-30,1,전통시장,관악구
134,신원시장(신림1동),고등어(냉동국산),2500,18-May,2018-05-30,1,전통시장,관악구
145,마천중앙시장,사과(부사 300g),2000,18-May,2018-05-31,1,전통시장,송파구
145,마천중앙시장,배(신고 600g),3000,18-May,2018-05-31,1,전통시장,송파구
145,마천중앙시장,배추(2.5~3kg),3000,18-May,2018-05-31,1,전통시장,송파구
145,마천중앙시장,무,2000,18-May,2018-05-31,1,전통시장,송파구
145,마천중앙시장,양파(1.5kg망),3000,18-May,2018-05-31,1,전통시장,송파구
145,마천중앙시장,상추(100g),700,18-May,2018-05-31,1,전통시장,송파구
145,마천중앙시장,오이(다다기),500,18-May,2018-05-31,1,전통시장,송파구
145,마천중앙시장,호박(인큐베이터),1500,18-May,2018-05-31,1,전통시장,송파구
145,마천중앙시장,쇠고기(한우불고기),25000,18-May,2018-05-31,1,전통시장,송파구
145,마천중앙시장,돼지고기(생삼겹살),12000,18-May,2018-05-31,1,전통시장,송파구
145,마천중앙시장,닭고기(육계),5000,18-May,2018-05-31,1,전통시장,송파구
145,마천중앙시장,달걀(10개),3000,18-May,2018-05-31,1,전통시장,송파구
145,마천중앙시장,달걀(30개),4000,18-May,2018-05-31,1,전통시장,송파구
145,마천중앙시장,조기(냉동국산),0,18-May,2018-05-31,1,전통시장,송파구
145,마천중앙시장,명태(러시아냉동),3500,18-May,2018-05-31,1,전통시장,송파구
145,마천중앙시장,오징어(냉동국산),3500,18-May,2018-05-31,1,전통시장,송파구
145,마천중앙시장,고등어(생물국산),4000,18-May,2018-05-31,1,전통시장,송파구
146,방이시장,사과(부사 300g),2000,18-May,2018-05-31,1,전통시장,송파구
146,방이시장,배(신고 600g),3000,18-May,2018-05-31,1,전통시장,송파구
146,방이시장,배추(2.5~3kg),2333,18-May,2018-05-31,1,전통시장,송파구
146,방이시장,무(1kg),1500,18-May,2018-05-31,1,전통시장,송파구
146,방이시장,양파(1.5kg망),3000,18-May,2018-05-31,1,전통시장,송파구
146,방이시장,상추(100g),700,18-May,2018-05-31,1,전통시장,송파구
146,방이시장,오이(다다기),500,18-May,2018-05-31,1,전통시장,송파구
146,방이시장,호박(인큐베이터),1500,18-May,2018-05-31,1,전통시장,송파구
146,방이시장,쇠고기(한우불고기),25500,18-May,2018-05-31,1,전통시장,송파구
146,방이시장,돼지고기(생삼겹살),12000,18-May,2018-05-31,1,전통시장,송파구
146,방이시장,닭고기,5000,18-May,2018-05-31,1,전통시장,송파구
146,방이시장,달걀(10개),3000,18-May,2018-05-31,1,전통시장,송파구
146,방이시장,달걀(30개),4000,18-May,2018-05-31,1,전통시장,송파구
146,방이시장,냉동참조기(20cm국산),0,18-May,2018-05-31,1,전통시장,송파구
146,방이시장,명태,3500,18-May,2018-05-31,1,전통시장,송파구
146,방이시장,오징어,3500,18-May,2018-05-31,1,전통시장,송파구
146,방이시장,고등어,4000,18-May,2018-05-31,1,전통시장,송파구
151,암사종합시장,사과(부사 300g),2000,18-May,2018-05-31,1,전통시장,강동구
151,암사종합시장,배(신고)중급(대),2500,18-May,2018-05-31,1,전통시장,강동구
151,암사종합시장,배추(2.5~3kg),3000,18-May,2018-05-31,1,전통시장,강동구
151,암사종합시장,무(1kg),2000,18-May,2018-05-31,1,전통시장,강동구
151,암사종합시장,양파(1.5kg망),3300,18-May,2018-05-31,1,전통시장,강동구
151,암사종합시장,상추(100g),700,18-May,2018-05-31,1,전통시장,강동구
151,암사종합시장,오이(다다기),400,18-May,2018-05-31,1,전통시장,강동구
151,암사종합시장,애호박,900,18-May,2018-05-31,1,전통시장,강동구
151,암사종합시장,쇠고기(한우1등급),23800,18-May,2018-05-31,1,전통시장,강동구
151,암사종합시장,돼지고기(생삼겹살),10800,18-May,2018-05-31,1,전통시장,강동구
151,암사종합시장,닭고기(육계),6500,18-May,2018-05-31,1,전통시장,강동구
151,암사종합시장,달걀(10개),2400,18-May,2018-05-31,1,전통시장,강동구
151,암사종합시장,달걀(30개),2700,18-May,2018-05-31,1,전통시장,강동구
151,암사종합시장,조기(냉동수입산),3000,18-May,2018-05-31,1,전통시장,강동구
151,암사종합시장,명태(45cm수입산),3000,18-May,2018-05-31,1,전통시장,강동구
151,암사종합시장,오징어(냉동국산),4000,18-May,2018-05-31,1,전통시장,강동구
151,암사종합시장,고등어(냉동국산),4000,18-May,2018-05-31,1,전통시장,강동구
199,서울중앙시장,사과(부사 300g),1900,18-May,2018-05-31,1,전통시장,중구
199,서울중앙시장,배(중품),2000,18-May,2018-05-31,1,전통시장,중구
199,서울중앙시장,배추(중간),3000,18-May,2018-05-31,1,전통시장,중구
199,서울중앙시장,무(세척무),3000,18-May,2018-05-31,1,전통시장,중구
199,서울중앙시장,양파(1.5kg망),2500,18-May,2018-05-31,1,전통시장,중구
199,서울중앙시장,상추(100g),700,18-May,2018-05-31,1,전통시장,중구
199,서울중앙시장,오이(다다기),600,18-May,2018-05-31,1,전통시장,중구
199,서울중앙시장,호박(인큐베이터)중간,1550,18-May,2018-05-31,1,전통시장,중구
199,서울중앙시장,쇠고기(한우2등급),29000,18-May,2018-05-31,1,전통시장,중구
199,서울중앙시장,돼지고기(생삼겹살),12000,18-May,2018-05-31,1,전통시장,중구
199,서울중앙시장,닭고기(육계),5000,18-May,2018-05-31,1,전통시장,중구
199,서울중앙시장,달걀(10개),2200,18-May,2018-05-31,1,전통시장,중구
199,서울중앙시장,달걀(30개),3950,18-May,2018-05-31,1,전통시장,중구
199,서울중앙시장,명태(러시아냉동),3000,18-May,2018-05-31,1,전통시장,중구
199,서울중앙시장,조기(냉동수입산),3300,18-May,2018-05-31,1,전통시장,중구
199,서울중앙시장,오징어,5000,18-May,2018-05-31,1,전통시장,중구
199,서울중앙시장,고등어,3000,18-May,2018-05-31,1,전통시장,중구
205,둔촌역전통시장,사과(부사 300g),1500,18-May,2018-05-31,1,전통시장,강동구
205,둔촌역전통시장,배(신고 600g),2000,18-May,2018-05-31,1,전통시장,강동구
205,둔촌역전통시장,배추(2.5~3kg),2660,18-May,2018-05-31,1,전통시장,강동구
205,둔촌역전통시장,무(1kg),2500,18-May,2018-05-31,1,전통시장,강동구
205,둔촌역전통시장,양파(1.5kg망),3000,18-May,2018-05-31,1,전통시장,강동구
205,둔촌역전통시장,상추(100g),500,18-May,2018-05-31,1,전통시장,강동구
205,둔촌역전통시장,오이(다다기),500,18-May,2018-05-31,1,전통시장,강동구
205,둔촌역전통시장,애호박,1500,18-May,2018-05-31,1,전통시장,강동구
205,둔촌역전통시장,쇠고기(한우불고기),20000,18-May,2018-05-31,1,전통시장,강동구
205,둔촌역전통시장,돼지고기(삼겹살),12000,18-May,2018-05-31,1,전통시장,강동구
205,둔촌역전통시장,닭고기(육계),6500,18-May,2018-05-31,1,전통시장,강동구
205,둔촌역전통시장,달걀(10개),1500,18-May,2018-05-31,1,전통시장,강동구
205,둔촌역전통시장,달걀(30개),4000,18-May,2018-05-31,1,전통시장,강동구
205,둔촌역전통시장,조기(냉동수입산),3000,18-May,2018-05-31,1,전통시장,강동구
205,둔촌역전통시장,명태(냉동수입산),3000,18-May,2018-05-31,1,전통시장,강동구
205,둔촌역전통시장,오징어(냉동국산),4000,18-May,2018-05-31,1,전통시장,강동구
205,둔촌역전통시장,고등어(생물국산),4000,18-May,2018-05-31,1,전통시장,강동구
207,관악신사시장(신림4동),사과(부사 300g),1000,18-May,2018-05-31,1,전통시장,관악구
207,관악신사시장(신림4동),배(신고 600g),3000,18-May,2018-05-31,1,전통시장,관악구
207,관악신사시장(신림4동),배추(2.5~3kg),3330,18-May,2018-05-31,1,전통시장,관악구
207,관악신사시장(신림4동),무(1kg),3000,18-May,2018-05-31,1,전통시장,관악구
207,관악신사시장(신림4동),양파,2000,18-May,2018-05-31,1,전통시장,관악구
207,관악신사시장(신림4동),상추(100g),500,18-May,2018-05-31,1,전통시장,관악구
207,관악신사시장(신림4동),오이(다다기),500,18-May,2018-05-31,1,전통시장,관악구
207,관악신사시장(신림4동),호박(인큐베이터),1500,18-May,2018-05-31,1,전통시장,관악구
207,관악신사시장(신림4동),쇠고기(한우1등급),27000,18-May,2018-05-31,1,전통시장,관악구
207,관악신사시장(신림4동),돼지고기(생삼겹살),12000,18-May,2018-05-31,1,전통시장,관악구
207,관악신사시장(신림4동),닭고기(육계),5000,18-May,2018-05-31,1,전통시장,관악구
207,관악신사시장(신림4동),달걀(10개),2000,18-May,2018-05-31,1,전통시장,관악구
207,관악신사시장(신림4동),달걀(30개),4000,18-May,2018-05-31,1,전통시장,관악구
207,관악신사시장(신림4동),조기(냉동수입산),2500,18-May,2018-05-31,1,전통시장,관악구
207,관악신사시장(신림4동),명태(생물수입산),5000,18-May,2018-05-31,1,전통시장,관악구
207,관악신사시장(신림4동),오징어(냉동국산),4000,18-May,2018-05-31,1,전통시장,관악구
207,관악신사시장(신림4동),고등어(냉동국산),2500,18-May,2018-05-31,1,전통시장,관악구
210,상계중앙시장,사과(부사 300g),1500,18-May,2018-05-31,1,전통시장,노원구
210,상계중앙시장,배(신고 600g),2000,18-May,2018-05-31,1,전통시장,노원구
210,상계중앙시장,배추(2.5~3kg),3000,18-May,2018-05-31,1,전통시장,노원구
210,상계중앙시장,무(1kg),3000,18-May,2018-05-31,1,전통시장,노원구
210,상계중앙시장,양파(1.5kg망),2000,18-May,2018-05-31,1,전통시장,노원구
210,상계중앙시장,상추,800,18-May,2018-05-31,1,전통시장,노원구
210,상계중앙시장,오이(다다기),400,18-May,2018-05-31,1,전통시장,노원구
210,상계중앙시장,애호박,1000,18-May,2018-05-31,1,전통시장,노원구
210,상계중앙시장,쇠고기(한우불고기),25000,18-May,2018-05-31,1,전통시장,노원구
210,상계중앙시장,돼지고기(생삼겹살),12800,18-May,2018-05-31,1,전통시장,노원구
210,상계중앙시장,닭고기(육계),5000,18-May,2018-05-31,1,전통시장,노원구
210,상계중앙시장,달걀(왕란),2800,18-May,2018-05-31,1,전통시장,노원구
210,상계중앙시장,달걀(30개),5000,18-May,2018-05-31,1,전통시장,노원구
210,상계중앙시장,조기(냉동수입산),6000,18-May,2018-05-31,1,전통시장,노원구
210,상계중앙시장,명태(러시아냉동),3000,18-May,2018-05-31,1,전통시장,노원구
210,상계중앙시장,오징어(생물국산),6000,18-May,2018-05-31,1,전통시장,노원구
210,상계중앙시장,고등어(냉동국산),5000,18-May,2018-05-31,1,전통시장,노원구
212,노룬산골목시장,사과(부사 300g),2000,18-May,2018-05-30,1,전통시장,광진구
212,노룬산골목시장,배(신고 600g),2000,18-May,2018-05-30,1,전통시장,광진구
212,노룬산골목시장,배추(2.5~3kg),2330,18-May,2018-05-30,1,전통시장,광진구
212,노룬산골목시장,무(1kg),2200,18-May,2018-05-30,1,전통시장,광진구
212,노룬산골목시장,양파(작은망),1500,18-May,2018-05-30,1,전통시장,광진구
212,노룬산골목시장,상추(100g),600,18-May,2018-05-30,1,전통시장,광진구
212,노룬산골목시장,오이,330,18-May,2018-05-30,1,전통시장,광진구
212,노룬산골목시장,애호박,1200,18-May,2018-05-30,1,전통시장,광진구
212,노룬산골목시장,쇠고기(한우불고기),27000,18-May,2018-05-30,1,전통시장,광진구
212,노룬산골목시장,돼지고기(생삼겹살),15900,18-May,2018-05-30,1,전통시장,광진구
212,노룬산골목시장,닭고기(육계),3900,18-May,2018-05-30,1,전통시장,광진구
212,노룬산골목시장,달걀(10개),3200,18-May,2018-05-30,1,전통시장,광진구
212,노룬산골목시장,달걀(30개),5600,18-May,2018-05-30,1,전통시장,광진구
212,노룬산골목시장,조기(국산냉동),1670,18-May,2018-05-30,1,전통시장,광진구
212,노룬산골목시장,명태,3000,18-May,2018-05-30,1,전통시장,광진구
212,노룬산골목시장,오징어,3330,18-May,2018-05-30,1,전통시장,광진구
212,노룬산골목시장,고등어(생물국산),1670,18-May,2018-05-30,1,전통시장,광진구
213,화곡본동시장,사과(부사)중급(대),1666,18-May,2018-05-31,1,전통시장,강서구
213,화곡본동시장,배(신고),2500,18-May,2018-05-31,1,전통시장,강서구
213,화곡본동시장,배추(2.5~3kg),3000,18-May,2018-05-31,1,전통시장,강서구
213,화곡본동시장,무(1kg),1500,18-May,2018-05-31,1,전통시장,강서구
213,화곡본동시장,양파(1.5kg망),2000,18-May,2018-05-31,1,전통시장,강서구
213,화곡본동시장,상추(100g),625,18-May,2018-05-31,1,전통시장,강서구
213,화곡본동시장,오이(다다기),400,18-May,2018-05-31,1,전통시장,강서구
213,화곡본동시장,호박,1000,18-May,2018-05-31,1,전통시장,강서구
213,화곡본동시장,쇠고기(한우불고기),29000,18-May,2018-05-31,1,전통시장,강서구
213,화곡본동시장,돼지고기(생삼겹살),13500,18-May,2018-05-31,1,전통시장,강서구
213,화곡본동시장,닭고기(육계),6000,18-May,2018-05-31,1,전통시장,강서구
213,화곡본동시장,달걀(10개),1567,18-May,2018-05-31,1,전통시장,강서구
213,화곡본동시장,달걀(30개),4700,18-May,2018-05-31,1,전통시장,강서구
213,화곡본동시장,조기(냉동수입산),3000,18-May,2018-05-31,1,전통시장,강서구
213,화곡본동시장,명태(러시아냉동),3000,18-May,2018-05-31,1,전통시장,강서구
213,화곡본동시장,오징어(냉동국산),4000,18-May,2018-05-31,1,전통시장,강서구
213,화곡본동시장,고등어(냉동국산),3000,18-May,2018-05-31,1,전통시장,강서구
215,청담삼익시장,사과(부사),1596,18-May,2018-05-31,1,전통시장,강남구
215,청담삼익시장,배(신고),1993,18-May,2018-05-31,1,전통시장,강남구
215,청담삼익시장,배추(2.5~3kg),3200,18-May,2018-05-31,1,전통시장,강남구
215,청담삼익시장,무(1kg),2200,18-May,2018-05-31,1,전통시장,강남구
215,청담삼익시장,양파(1.5kg망),3980,18-May,2018-05-31,1,전통시장,강남구
215,청담삼익시장,상추(100g),1080,18-May,2018-05-31,1,전통시장,강남구
215,청담삼익시장,오이(다다기),527,18-May,2018-05-31,1,전통시장,강남구
215,청담삼익시장,애호박,1680,18-May,2018-05-31,1,전통시장,강남구
215,청담삼익시장,쇠고기(한우불고기),35880,18-May,2018-05-31,1,전통시장,강남구
215,청담삼익시장,돼지고기,21300,18-May,2018-05-31,1,전통시장,강남구
215,청담삼익시장,닭고기,7800,18-May,2018-05-31,1,전통시장,강남구
215,청담삼익시장,달걀(10개),3980,18-May,2018-05-31,1,전통시장,강남구
215,청담삼익시장,달걀(30개),5500,18-May,2018-05-31,1,전통시장,강남구
215,청담삼익시장,조기(냉동수입산),5000,18-May,2018-05-31,1,전통시장,강남구
215,청담삼익시장,동태,5500,18-May,2018-05-31,1,전통시장,강남구
215,청담삼익시장,오징어(냉동국산),6000,18-May,2018-05-31,1,전통시장,강남구
215,청담삼익시장,고등어,0,18-May,2018-05-31,1,전통시장,강남구
216,도곡시장,사과,1500,18-May,2018-05-31,1,전통시장,강남구
216,도곡시장,배,2500,18-May,2018-05-31,1,전통시장,강남구
216,도곡시장,배추(2.5~3kg),2933,18-May,2018-05-31,1,전통시장,강남구
216,도곡시장,무(세척무),2380,18-May,2018-05-31,1,전통시장,강남구
216,도곡시장,양파(1.5kg망),3800,18-May,2018-05-31,1,전통시장,강남구
216,도곡시장,상추(100g),1280,18-May,2018-05-31,1,전통시장,강남구
216,도곡시장,오이(다다기),595,18-May,2018-05-31,1,전통시장,강남구
216,도곡시장,애호박,1580,18-May,2018-05-31,1,전통시장,강남구
216,도곡시장,쇠고기(한우불고기),32940,18-May,2018-05-31,1,전통시장,강남구
216,도곡시장,돼지고기,13080,18-May,2018-05-31,1,전통시장,강남구
216,도곡시장,닭고기,7300,18-May,2018-05-31,1,전통시장,강남구
216,도곡시장,달걀(10개),3850,18-May,2018-05-31,1,전통시장,강남구
216,도곡시장,달걀(30개),3480,18-May,2018-05-31,1,전통시장,강남구
216,도곡시장,조기,3967,18-May,2018-05-31,1,전통시장,강남구
216,도곡시장,동태,5500,18-May,2018-05-31,1,전통시장,강남구
216,도곡시장,오징어(냉동국산),6000,18-May,2018-05-31,1,전통시장,강남구
216,도곡시장,고등어(냉동국산),0,18-May,2018-05-31,1,전통시장,강남구
217,방림시장,사과(중품),1250,18-May,2018-05-31,1,전통시장,서초구
217,방림시장,배(신고 600g),1500,18-May,2018-05-31,1,전통시장,서초구
217,방림시장,배추(2.5~3kg),3330,18-May,2018-05-31,1,전통시장,서초구
217,방림시장,무(세척무),2500,18-May,2018-05-31,1,전통시장,서초구
217,방림시장,양파(1.5kg망),2500,18-May,2018-05-31,1,전통시장,서초구
217,방림시장,상추,1000,18-May,2018-05-31,1,전통시장,서초구
217,방림시장,오이(다다기),400,18-May,2018-05-31,1,전통시장,서초구
217,방림시장,애호박,980,18-May,2018-05-31,1,전통시장,서초구
217,방림시장,쇠고기(한우1등급),21000,18-May,2018-05-31,1,전통시장,서초구
217,방림시장,돼지고기(생삼겹살),9900,18-May,2018-05-31,1,전통시장,서초구
217,방림시장,닭고기(육계),6000,18-May,2018-05-31,1,전통시장,서초구
217,방림시장,달걀(10개),2000,18-May,2018-05-31,1,전통시장,서초구
217,방림시장,달걀(30개),5000,18-May,2018-05-31,1,전통시장,서초구
217,방림시장,조기(냉동수입산),2630,18-May,2018-05-31,1,전통시장,서초구
217,방림시장,명태(러시아냉동),2950,18-May,2018-05-31,1,전통시장,서초구
217,방림시장,오징어(냉동국산),3270,18-May,2018-05-31,1,전통시장,서초구
217,방림시장,고등어(생물국산),5000,18-May,2018-05-31,1,전통시장,서초구
219,대조시장,사과(중품) 부사,1250,18-May,2018-05-31,1,전통시장,은평구
219,대조시장,배(중품)신고,2000,18-May,2018-05-31,1,전통시장,은평구
219,대조시장,배추(중간),3000,18-May,2018-05-31,1,전통시장,은평구
219,대조시장,무(1kg),1500,18-May,2018-05-31,1,전통시장,은평구
219,대조시장,양파(1.5kg망),2500,18-May,2018-05-31,1,전통시장,은평구
219,대조시장,상추(100g),500,18-May,2018-05-31,1,전통시장,은평구
219,대조시장,오이(다다기),400,18-May,2018-05-31,1,전통시장,은평구
219,대조시장,호박,1000,18-May,2018-05-31,1,전통시장,은평구
219,대조시장,쇠고기(한우불고기),23000,18-May,2018-05-31,1,전통시장,은평구
219,대조시장,돼지고기(삼겹살),11800,18-May,2018-05-31,1,전통시장,은평구
219,대조시장,닭고기(육계),5500,18-May,2018-05-31,1,전통시장,은평구
219,대조시장,달걀(10개),1000,18-May,2018-05-31,1,전통시장,은평구
219,대조시장,달걀(30개),3000,18-May,2018-05-31,1,전통시장,은평구
219,대조시장,조기(냉동수입산),3330,18-May,2018-05-31,1,전통시장,은평구
219,대조시장,명태(생물수입산),7000,18-May,2018-05-31,1,전통시장,은평구
219,대조시장,오징어(생물국산),3000,18-May,2018-05-31,1,전통시장,은평구
219,대조시장,고등어(생물국산),5000,18-May,2018-05-31,1,전통시장,은평구
221,숭인시장,사과(부사 300g),2500,18-May,2018-05-31,1,전통시장,강북구
221,숭인시장,배(신고 600g),2500,18-May,2018-05-31,1,전통시장,강북구
221,숭인시장,배추(2.5~3kg),3000,18-May,2018-05-31,1,전통시장,강북구
221,숭인시장,무(1kg),2200,18-May,2018-05-31,1,전통시장,강북구
221,숭인시장,양파(1.5kg망),2500,18-May,2018-05-31,1,전통시장,강북구
221,숭인시장,상추,500,18-May,2018-05-31,1,전통시장,강북구
221,숭인시장,오이,300,18-May,2018-05-31,1,전통시장,강북구
221,숭인시장,애호박,1000,18-May,2018-05-31,1,전통시장,강북구
221,숭인시장,쇠고기(한우불고기),24000,18-May,2018-05-31,1,전통시장,강북구
221,숭인시장,돼지고기(삼겹살),12000,18-May,2018-05-31,1,전통시장,강북구
221,숭인시장,닭고기(중간),5000,18-May,2018-05-31,1,전통시장,강북구
221,숭인시장,달걀(10개),2000,18-May,2018-05-31,1,전통시장,강북구
221,숭인시장,달걀(30개),6000,18-May,2018-05-31,1,전통시장,강북구
221,숭인시장,조기(냉동수입산),5000,18-May,2018-05-31,1,전통시장,강북구
221,숭인시장,명태(냉동수입산),5000,18-May,2018-05-31,1,전통시장,강북구
221,숭인시장,오징어(냉동국산),3300,18-May,2018-05-31,1,전통시장,강북구
221,숭인시장,고등어(냉동국산),2500,18-May,2018-05-31,1,전통시장,강북구
